<?xml version="1.0" encoding="UTF-8"?>
<beans xmlns="http://www.springframework.org/schema/beans"
	xmlns:xsi="http://www.w3.org/2001/XMLSchema-instance"
	xsi:schemaLocation="http://www.springframework.org/schema/beans http://www.springframework.org/schema/beans/spring-beans-3.0.xsd">
	<bean id="studentService" class="business.StudentBusinessHibernate" />
	<bean id="adminService" class="business.AdminBusiness" />
	<bean id="courseService" class="business.CourseBusinessHibernate"></bean>
	<bean id="myCourseService" class="business.MyCourseBusinessHibernate"></bean>
	<bean id="teacherService" class="business.TeacherBusinessHibernate"></bean>
	<bean id="gradeService" class="business.GradeBusinessHibernate"></bean>
</beans>
