<?xml version="1.0" encoding="UTF-8"?>
<!DOCTYPE hibernate-configuration PUBLIC "-//Hibernate/Hibernate Configuration DTD 3.0//EN"
	"http://hibernate.sourceforge.net/hibernate-configuration-3.0.dtd">
<hibernate-configuration>
	<session-factory>
		<property name="connection.driver_class">com.mysql.jdbc.Driver</property>
		<property name="connection.url">jdbc:mysql://localhost:3306/xsgl</property>
		<property name="connection.username">root</property>
		<property name="dialect">org.hibernate.dialect.MySQLDialect</property>
		<property name="show_sql">true</property>
		<mapping resource="bean/Student.hbm.xml"/>
		<mapping resource="bean/Course.hbm.xml"/>
		<mapping resource="bean/Teacher.hbm.xml"/>
		<mapping resource="bean/Grade.hbm.xml"/>
		<mapping resource="bean/MyCourse.hbm.xml"/>
	</session-factory>
</hibernate-configuration>
