<?xml version="1.0" encoding="UTF-8"?>
<!DOCTYPE 	hibernate-mapping PUBLIC "-//Hibernate/Hibernate Mapping DTD 3.0//EN" "http://hibernate.sourceforge.net/hibernate-mapping-3.0.dtd">
<hibernate-mapping package="bean">
	<class name="MyCourse" table="mycourse">
		<id name="id" column="id">
			<generator class="identity"></generator>
		</id>
		<property name="sid"></property>
		<property name="sname"></property>
		<property name="cid"></property>
		<property name="cname"></property>
	</class>
</hibernate-mapping>